city,street,house,postcode
Новороссийск,ул. Гончарова,д. 80,099525
Вязьма,ул. Целинная,д. 42,113972
Саранск,ул. Красноармейская,д. 70,749421
Саратов,ул. Добролюбова,д. 09,765504
Анапа,ул. Иркутская,д. 90,824659
Нарьян-Мар,ул. Казанская,д. 13,345212
Алагир,ул. Щербакова,д. 35,910846
Томск,ул. Блюхера,д. 92,953435
Жигулевск,ул. Шевченко,д. 10,969215
Камышлов,ул. Окружная,д. 11,466167
Устюжна,ул. Гафури,д. 45,742817
Краснокамск,ул. Механическая,д. 29,100541
Шатки,ул. Спартака,д. 25,788130
Светлогорск (Калин.),ул. Семашко,д. 87,760684
Северо-Курильск,ул. Заовражная,д. 33,130195
Серов,ул. Гафури,д. 99,522368
Асбест,ул. Достоевского,д. 26,731359
Нефедова,ул. Высотная,д. 41,598782
Кирово-Чепецк,ул. Саратовская,д. 37,350421
Апатиты,ул. Фестивальная,д. 85,691415
Салехард,ул. Нагорная,д. 52,276527
Адлер,ул. Боровая,д. 35,522513
Витим,ул. Краснопартизанская,д. 14,767783
Новокузнецк,ул. Карьерная,д. 36,740760
Асино,ул. Химиков,д. 51,248437
Бугульма,ул. Комсомольская,д. 81,679164
Воткинск,ул. Калужская,д. 52,785340
Карачаевск,ул. Высоцкого,д. 69,481956
Южно-Курильск,ул. Микрорайон,д. 32,694984
Снежинск,ул. Чайкиной,д. 73,743188
Кудымкар,ул. Энтузиастов,д. 84,826775
Макушино,ул. Никитина,д. 87,511276
Воскресенск,ул. Пирогова,д. 68,826435
Брянск,ул. Леваневского,д. 17,896070
Кропоткин (Краснод.),ул. Интернациональная,д. 91,636885
Ступино,ул. Крупской,д. 53,760207
Ростов-на-Дону,ул. Стадионная,д. 76,813878
Касимов,ул. ДОС,д. 48,260708
Поярково,ул. Павлика Морозова,д. 40,713595
Звенигород,ул. Краснодарская,д. 07,361851
Киров (Вятка),ул. Аэродромная,д. 95,375116
Беслан,ул. Полярная,д. 16,862281
Калачинск,ул. Казачья,д. 04,079694
Зарайск,ул. Береговая,д. 46,402340
Минусинск,ул. Виноградная,д. 47,042891
Невьянск,ул. Красногвардейская,д. 48,095124
Шамары,ул. Ленинградская,д. 47,049263
Аршан (Бурят.),ул. Бабушкина,д. 35,372879
Цимлянск,ул. Красногвардейская,д. 61,083406
Кизляр,ул. Циолковского,д. 81,303330
Нальчик,ул. Воровского,д. 07,444781
Нальчик,ул. Смирнова,д. 79,970873
Печенга,ул. Громова,д. 80,055028
Касимов,ул. Маркса Карла,д. 11,799944
Саранск,ул. Смоленская,д. 10,919575
Соль-Илецк,ул. Подлесная,д. 39,133931
Гремячинск (Перм.),ул. Пионерская,д. 52,464902
Бавлы,ул. ДОС,д. 48,260708
Мончегорск,ул. Полтавская,д. 76,526142
Борзя,ул. Производственная,д. 68,108232
Урай,ул. Высотная,д. 41,598782
Эльбрус,ул. Рабочая,д. 33,201979
Гудермес,ул. Панфилова,д. 62,877096
Волгодонск,ул. Щербакова,д. 35,910846
Новый Оскол,ул. Тракторная,д. 74,035786
Сарапул,ул. Гаражная,д. 34,695819
Усть-Илимск,ул. Фестивальная,д. 85,691415
Соликамск,ул. Краснофлотская,д. 38,001709
Сызрань,ул. Юности,д. 69,626686
Североуральск,ул. Майская,д. 04,747836
Кыштым,ул. Ростовская,д. 68,999870
Гагарин,ул. Хвойная,д. 59,985511
Шадринск,ул. Есенина,д. 19,514146
Красная Поляна,ул. Союзная,д. 55,934870
Ангарск,ул. Докучаева,д. 75,956464
Бузулук,ул. Моховая,д. 25,691391
Темрюк,ул. Есенина,д. 19,514146
Бирск,ул. Кленовая,д. 24,967696
Малоярославец,ул. Курчатова,д. 94,093070
Домбай,ул. Запрудная,д. 03,779564
Астрахань,ул. 40 лет Октября,д. 04,120055
Братск,ул. Николаева,д. 97,492501
Асино,ул. Октября,д. 06,062732
Кунгур,ул. Шолохова,д. 66,093706
Новомичуринск,ул. Владимирская,д. 27,473677
Истра,ул. Рыбацкая,д. 25,605988
Владивосток,ул. Техническая,д. 07,285904
Жуковский,ул. Родниковая,д. 14,866955
Южноуральск,ул. Зои Космодемьянской,д. 77,412712
Ульяновск,ул. Брянская,д. 83,324235
Рославль,ул. Громова,д. 95,768415
Кижи,ул. Отрадная,д. 35,749407
Кировск (Мурм.),ул. Челюскинцев,д. 04,781895
Витим,ул. Кавказская,д. 87,475228
Кизел,ул. Толстого,д. 73,887920
Тутончаны,ул. Добролюбова,д. 09,765504
Нефтеюганск,ул. Февральская,д. 49,113909
Мирный,ул. Вишневая,д. 53,482170
Зарайск,ул. Мирная,д. 40,440246
Буденновск,ул. Большевистская,д. 68,810347
Вязьма,ул. Главная,д. 13,080539
Шатки,ул. Попова,д. 96,626196
Калачинск,ул. Рабочая,д. 33,201979
Ноябрьск,ул. Ставропольская,д. 46,319293
Советский,ул. Луначарского,д. 65,911805
Шатки,ул. Льва Толстого,д. 30,224082
Костомукша,ул. Волочаевская,д. 99,603669
Ангарск,ул. Чайковского,д. 31,474895
Верхоянск,ул. Комарова,д. 66,822139
Каргополь,ул. Жукова,д. 19,555366
Арсеньев,ул. Покровская,д. 20,737437
Алагир,ул. Средняя,д. 90,445649
Вологда,ул. Луначарского,д. 65,911805
Липецк,ул. Карбышева,д. 47,165311
Арзамас,ул. М.Горького,д. 81,901179
Жиганск,ул. Камская,д. 36,526193
Шумиха,ул. Восточная,д. 93,989402
Углич,ул. Дальневосточная,д. 66,856671
Аргаяш,ул. Смоленская,д. 61,526502
Мичуринск,ул. Металлургов,д. 08,950162
Уэлен,ул. Попова,д. 96,626196
Кунгур,ул. Широкая,д. 41,187455
Бреды,ул. Свободная,д. 78,653429
Пушкино (Моск.),ул. Высокая,д. 97,156201
Саратов,ул. Шмидта,д. 24,953221
Россошь,ул. Почтовая,д. 58,388238
Эльтон,ул. Братская,д. 18,969795
Истра,ул. Шолохова,д. 66,093706
Серов,ул. Чайкиной,д. 21,375589
Асбест,ул. Рябиновая,д. 83,976980
Черусти,ул. Казачья,д. 00,629304
Асбест,ул. Димитрова,д. 91,195973
Чикола,ул. Степана Разина,д. 32,723314
Кировск (Ленин.),ул. Микрорайон,д. 32,694984
Андреаполь,ул. Свободная,д. 42,271718
Новокузнецк,ул. Промышленная,д. 50,002672
Устюжна,ул. Краснофлотская,д. 73,640170
Шаховская,ул. Бажова,д. 92,556825
Химки,ул. Никитина,д. 87,511276
Белоярский,ул. Флотская,д. 80,932643
Колпашево,ул. Песочная,д. 49,075796
Кулу,ул. Трудовая,д. 22,914759
Новокузнецк,ул. Трактовая,д. 00,324353
Сызрань,ул. Учительская,д. 73,766404
Сосновый Бор,ул. Плеханова,д. 67,605545
Хасавюрт,ул. Абрикосовая,д. 63,087100
Валдай,ул. Таежная,д. 57,769980
Тымовское,ул. Магистральная,д. 30,106128
Завьялиха,ул. М.Горького,д. 76,365375
Черусти,ул. Леваневского,д. 99,278677
Смирных,ул. Речная,д. 08,332889
Ноябрьск,ул. Октябрьская,д. 05,571898
Саров (Морд.),ул. Лазурная,д. 39,950164
Выборг,ул. Покровская,д. 04,942896
Павловская,ул. Вишневая,д. 60,575805
Змеиногорск,ул. Окружная,д. 11,466167
Ельня,ул. Культуры,д. 65,262583
Саратов,ул. Клары Цеткин,д. 19,936616
Верхотурье,ул. Щорса,д. 71,496040
Шатки,ул. Грибоедова,д. 22,938536
Красновишерск,ул. Виноградная,д. 60,068454
Йошкар-Ола,ул. Белорусская,д. 76,803734
Великий Устюг,ул. Семашко,д. 25,377487
Звенигород,ул. Новостройка,д. 48,368358
Якша,ул. Маркса Карла,д. 13,571594
Мирный,ул. Кленовая,д. 64,205194
Билибино,ул. Урожайная,д. 02,262297
Тольятти,ул. Луговая,д. 14,819039
Шадринск,ул. Громова,д. 34,122760
Кизел,ул. 8-е Марта,д. 60,513997
Ребриха,ул. Спортивная,д. 64,841694
Ербогачен,ул. 60 лет СССР,д. 50,497771
Мытищи,ул. Нахимова,д. 23,601478
Норильск,ул. Плеханова,д. 96,925524
Соль-Илецк,ул. Крылова,д. 29,529447
Углич,ул. Угольная,д. 91,246838
Ачинск,ул. Вавилова,д. 91,461523
Буйнакск,ул. Светлая,д. 49,229917
Кижи,ул. Тимирязева,д. 56,388147
Иркутск,ул. 9 Мая,д. 84,104064
Крымск,ул. Донская,д. 21,716470
Чулым,ул. Рыбацкая,д. 25,605988
Аша,ул. Снежная,д. 24,577070
Бирск,ул. Курчатова,д. 94,093070
Нижневартовск,ул. Западная,д. 35,667803
Одинцово,ул. Механическая,д. 29,100541
Серов,ул. Парижской Коммуны,д. 53,284576
Печенга,ул. Кузнецова,д. 57,294044
Ершов,ул. Громова,д. 80,055028
Сибай,ул. Краснопартизанская,д. 14,767783
Липецк,ул. Никитина,д. 47,279159
Ясный (Оренб.),ул. Правды,д. 52,289443
Бологое,ул. Окружная,д. 19,366084
Шатой,ул. Высотная,д. 91,235639
Нефтеюганск,ул. Докучаева,д. 33,777284
Дубна,ул. Толбухина,д. 99,628008
Пушкинские Горы,ул. Детская,д. 25,802654
Междуреченский,ул. Бригадная,д. 66,343176
Кош-Агач,ул. Чернышевского,д. 45,983882
Серафимович,ул. Заводская,д. 28,852036
Печора,ул. Астраханская,д. 01,277334
Усть-Камчатск,ул. Запорожская,д. 23,777315
Североморск,ул. Красных Партизан,д. 94,045890
Люберцы,ул. Курчатова,д. 67,898170
Курчатов,ул. Папанина,д. 65,678235
Макушино,ул. Больничная,д. 47,364555
Карачаевск,ул. 40 лет Победы,д. 46,214030
Чикола,ул. Ермака,д. 70,081828
Ногинск (Моск.),ул. Воронежская,д. 64,793162
Мценск,ул. Заовражная,д. 86,540196
Забайкальск,ул. Выгонная,д. 22,419362
Юрьевец (Иван.),ул. Сенная,д. 97,709857
Асбест,ул. Пархоменко,д. 21,511100
Оленек,ул. Ангарская,д. 58,188484
Каменск-Шахтинский,ул. Тепличная,д. 46,417605
Шелехов,ул. Николаева,д. 54,003746
Калуга,ул. Металлургов,д. 43,099369
Мелеуз,ул. Ангарская,д. 58,188484
Снежинск,ул. Новоселов,д. 99,302058
Балашов,ул. Речная,д. 08,332889
Нарткала,ул. Родниковая,д. 01,263535
Губкинский,ул. Ставропольская,д. 46,319293
Костомукша,ул. Коммунистическая,д. 20,372501
Чермоз,ул. Мая 1,д. 78,202931
Ставрополь,ул. Монтажников,д. 38,302515
Нефтеюганск,ул. Пирогова,д. 68,826435
Енисейск,ул. Почтовая,д. 76,931609
Челюскин,ул. Озерная,д. 56,243773
Черусти,ул. Красноярская,д. 92,388803
Партизанск,ул. Вокзальная,д. 12,332806
Малоярославец,ул. Гагарина,д. 73,330524
Певек,ул. Панфилова,д. 62,877096
Казань,ул. Красных Партизан,д. 94,045890
Гудермес,ул. Вишневая,д. 35,936302
Игнашино,ул. Орловская,д. 86,725715
Тура,ул. Кузнецкая,д. 36,178060
Хасавюрт,ул. Октября,д. 86,260420
Ахтубинск,ул. Урожайная,д. 73,437008
Палана,ул. Правды,д. 75,225258
Кировск (Ленин.),ул. Весенняя,д. 08,479086
Александровск-Сахалинский,ул. Беляева,д. 02,380744
Беслан,ул. Минская,д. 62,537571
Хужир,ул. Окружная,д. 94,639336
Черский,ул. Гагарина,д. 73,330524
Крымск,ул. Черемуховая,д. 34,688475
Красная Поляна,ул. Мая 1,д. 17,578994
Ангарск,ул. Ушакова,д. 17,810564
Соболево,ул. Свободная,д. 78,653429
Губаха,ул. Окружная,д. 11,466167
Петрозаводск,ул. Северная,д. 60,176938
Кулу,ул. Спортивная,д. 64,841694
Пермь,ул. Интернациональная,д. 50,880320
Богучар,ул. Краснофлотская,д. 62,795085
Усинск,ул. Космическая,д. 68,610847
Ступино,ул. Степана Разина,д. 32,723314
Листвянка (Иркут.),ул. Курортная,д. 28,940824
Беслан,ул. Черноморская,д. 26,642515
Бийск,ул. Красноармейская,д. 70,749421
Костомукша,ул. Молодежная,д. 58,685338
Мелеуз,ул. Заводская,д. 16,805431
Сузун,ул. Чайкиной,д. 73,743188
Жуковский,ул. Нахимова,д. 43,556874
Соловки,ул. Покровская,д. 20,737437
Шатой,ул. Калинина,д. 60,428062
Завьялиха,ул. Дорожная,д. 97,556025
Беслан,ул. Свердлова,д. 83,944250
Кизилюрт,ул. Папанина,д. 65,678235
Ноглики,ул. Гайдара,д. 51,006836
Серов,ул. Путейская,д. 37,035974
Игнашино,ул. Базарная,д. 42,134044
Льгов,ул. Кузнецкая,д. 36,178060
Мокшан,ул. Плеханова,д. 96,925524
Кирово-Чепецк,ул. Панфилова,д. 37,122871
Нижнекамск,ул. Стадионная,д. 81,778141
Красная Поляна,ул. Короленко,д. 59,746722
Краснокамск,ул. Зеленая,д. 08,630350
Нарым,ул. Осипенко,д. 11,475288
Абинск,ул. Водопроводная,д. 59,561663
Мценск,ул. Ветеранов,д. 69,457660
Обоянь,ул. Карбышева,д. 78,264933
Липецк,ул. Комсомольская,д. 81,679164
Сузун,ул. Фадеева,д. 56,248190
Химки,ул. Тельмана,д. 99,111502
Северо-Курильск,ул. Есенина,д. 16,494236
Уварово,ул. Хуторская,д. 23,589310
Шамары,ул. Октября,д. 86,260420
Бодайбо,ул. Минина,д. 67,355330
Кажим,ул. Тракторная,д. 52,497261
Дмитров,ул. 60 лет Октября,д. 20,288874
Калачинск,ул. Л.Толстого,д. 83,623955
Советский,ул. Громова,д. 80,055028
Бирск,ул. Леваневского,д. 99,278677
Киренск,ул. Речная,д. 79,915381
Адлер,ул. Хвойная,д. 59,852107
Гремячинск (Перм.),ул. Элеваторная,д. 23,627419
Печора,ул. Казачья,д. 84,854714
Камышлов,ул. 50 лет ВЛКСМ,д. 34,989425
Нефтегорск (Самар.),ул. Смирнова,д. 79,970873
Лысьва,ул. Кленовая,д. 35,490700
Ершов,ул. Волкова,д. 51,119742
Шарья,ул. Станционная,д. 80,106495
Великие Луки,ул. Щорса,д. 52,116300
Можга,ул. Трудовая,д. 79,140065
Асбест,ул. Плеханова,д. 96,925524
Оленегорск (Якут.),ул. Калинина,д. 60,428062
Псков,ул. Отрадная,д. 74,089497
Балашиха,ул. Жукова,д. 37,309513
Березники,ул. Кленовая,д. 24,967696
Ялуторовск,ул. Рабочая,д. 66,748190
Батайск,ул. Таманская,д. 63,375850
Каменск-Шахтинский,ул. Карбышева,д. 78,264933
Объячево,ул. Радужная,д. 48,195340
Слюдянка,ул. Главная,д. 81,677521
Джейрах,ул. Шмидта,д. 11,293362
Долинск,ул. Клубная,д. 74,613300
Грозный,ул. Шахтерская,д. 35,906574
Петушки,ул. Чернышевского,д. 45,983882
Жуковский,ул. Заозерная,д. 31,346881
Малоярославец,ул. Крылова,д. 78,421081
Курск,ул. Шолохова,д. 23,322531
Брянск,ул. Новоселов,д. 02,881330
Енисейск,ул. Курчатова,д. 67,898170
Чита,ул. Песочная,д. 76,332400
Тюмень,ул. Ильича,д. 79,649203
Гремячинск (Бурят.),ул. Монтажников,д. 14,728109
Амдерма,ул. Павлика Морозова,д. 47,707023
Магадан,ул. Парижской Коммуны,д. 53,284576
Дмитров,ул. Есенина,д. 19,514146
Середниково,ул. Слободская,д. 63,681418
Кизилюрт,ул. Казачья,д. 84,854714
Арзамас,ул. Волгоградская,д. 66,758156
Оленек,ул. Октября,д. 99,640848
Качканар,ул. Карла Маркса,д. 06,599729
Переславль-Залесский,ул. Клары Цеткин,д. 00,087397
Александровск-Сахалинский,ул. Грибоедова,д. 02,343085
Шатой,ул. Балтийская,д. 65,607000
Саранск,ул. Семашко,д. 87,760684
Казань,ул. Донская,д. 36,087348
Саратов,ул. Лесная,д. 79,333369
Новгород Великий,ул. Производственная,д. 68,108232
Нефедова,ул. Локомотивная,д. 38,665723
Губкинский,ул. Щорса,д. 68,003145
Советский,ул. Советской Армии,д. 06,364647
Горячинск,ул. Попова,д. 24,589533
Усмань,ул. Иркутская,д. 90,824659
Южно-Сахалинск,ул. Панфилова,д. 06,962593
Джейрах,ул. 50 лет ВЛКСМ,д. 39,599826
Елец,ул. Кленовая,д. 94,362325
Сосновый Бор,ул. Бабушкина,д. 30,898885
Прохладный,ул. М.Горького,д. 76,365375
Бийск,ул. Техническая,д. 10,561822
Челябинск,ул. Элеваторная,д. 24,195147
Новосибирск,ул. Павлика Морозова,д. 30,840750
Шатки,ул. Тимирязева,д. 56,388147
Колпашево,ул. 40 лет Победы,д. 30,255525
Аргаяш,ул. Коммуны,д. 91,031200
Краснокамск,ул. Бажова,д. 92,556825
Снежногорск (Мурм.),ул. Новоселов,д. 49,046034
Шенкурск,ул. Тамбовская,д. 34,371169
Серафимович,ул. Краснодарская,д. 35,737840
Домодедово,ул. Вишневая,д. 35,936302
Тавда,ул. Фадеева,д. 49,784096
Лысьва,ул. Сиреневая,д. 00,299098
Тихвин,ул. 60 лет Октября,д. 20,288874
Рыльск,ул. Правды,д. 52,289443
Долинск,ул. Окружная,д. 44,308640
Батайск,ул. Сурикова,д. 50,997604
Нижний Новгород,ул. Урицкого,д. 09,260288
Сунтар,ул. Металлургов,д. 63,646181
Билибино,ул. Тракторная,д. 52,497261
Углегорск,ул. Лесная,д. 79,333369
Мичуринск,ул. Новоселов,д. 99,302058
Партизанск,ул. Литейная,д. 90,510420
Черкесск,ул. Петровская,д. 39,708283
Талдом,ул. Волгоградская,д. 21,940244
Забайкальск,ул. Промышленная,д. 50,002672
Красноселькуп,ул. Невского,д. 82,441582
Кырен,ул. Химиков,д. 02,571093
Ноглики,ул. Краснопартизанская,д. 81,315658
Владимир,ул. Димитрова,д. 91,195973
Арсеньев,ул. Восьмого Марта,д. 08,423422
Тулун,ул. Виноградная,д. 33,040053
Каспийск,ул. Физкультурная,д. 39,845323
Вязьма,ул. Олимпийская,д. 24,521852
Кондопога,ул. Виноградная,д. 47,042891
Пушкин,ул. Урожайная,д. 15,280890
Калач,ул. Осипенко,д. 41,887341
Камень-на-Оби,ул. Учительская,д. 73,766404
Сарапул,ул. Степная,д. 69,782388
Слюдянка,ул. Просвещения,д. 59,633287
Таганрог,ул. Абрикосовая,д. 28,708830
Красноселькуп,ул. Глинки,д. 97,285142
Владикавказ,ул. Шолохова,д. 66,093706
Нижнеудинск,ул. Пожарского,д. 05,774190
Ставрополь,ул. Отрадная,д. 74,089497
Тамбов,ул. Главная,д. 81,677521
Шуя,ул. Нагорная,д. 52,276527
Касимов,ул. 9 Мая,д. 34,456904
Кудымкар,ул. Никитина,д. 36,527947
Нефедова,ул. Волкова,д. 56,950396
Ростов-на-Дону,ул. Владимирская,д. 27,473677
Владивосток,ул. Саратовская,д. 36,790425
Новосибирск,ул. Победы,д. 64,243382
Снежногорск (Мурм.),ул. Черняховского,д. 08,669217
Троицк (Челяб.),ул. Гагарина,д. 52,770570
Луга,ул. Николаева,д. 54,003746
Шумиха,ул. Выгонная,д. 22,419362
Дно,ул. Короткая,д. 75,854657
Черский,ул. Химиков,д. 02,571093
Малгобек,ул. К.Маркса,д. 33,537249
Лянтор,ул. Фадеева,д. 08,750946
Красноуральск,ул. Советская,д. 74,513721
Долинск,ул. Короленко,д. 12,248336
Каменномостский,ул. Войкова,д. 77,001517
Октябрьское (Челяб.),ул. Химиков,д. 51,248437
Светлогорск (Калин.),ул. Весенняя,д. 08,479086
Зеленоград,ул. Тимирязева,д. 56,388147
Волоколамск,ул. Средняя,д. 31,123403
Токсово,ул. Плеханова,д. 96,925524
Железногорск(Курск.),ул. Февральская,д. 49,113909
Нижний Новгород,ул. Черемушки,д. 14,731586
Тихорецк,ул. Кирпичная,д. 15,518735
Дно,ул. Песчаная,д. 87,230793
Оренбург,ул. Кузнецкая,д. 61,570372
Казань,ул. Толстого,д. 47,912230
Кондопога,ул. Ульяновская,д. 11,199367
Шали,ул. Калужская,д. 52,785340
Приозерск,ул. Гаражная,д. 34,695819
Каргополь,ул. Элеваторная,д. 24,195147
Иваново,ул. Главная,д. 43,578552
Нальчик,ул. Смоленская,д. 85,271845
Нарым,ул. Московская,д. 10,519806
Великий Устюг,ул. Металлургов,д. 63,646181
Москва,ул. Майская,д. 53,588137
Усмань,ул. Шахтерская,д. 57,632096
Ахтубинск,ул. Бульварная,д. 64,376575
Северобайкальск,ул. Ставропольская,д. 27,501555
Куртамыш,ул. Рабочая,д. 66,748190
Нижний Новгород,ул. Урицкого,д. 34,572493
Волгодонск,ул. Советской Армии,д. 06,364647
Шатки,ул. Лесхозная,д. 13,483808
Красногорск (Моск.),ул. Иркутская,д. 01,039198
Кизилюрт,ул. Попова,д. 96,626196
Оймякон,ул. Загородная,д. 84,297237
Ямбург,ул. Дорожная,д. 67,557187
Усть-Ишим,ул. Курская,д. 02,351296
Пенза,ул. Луначарского,д. 65,911805
Токсово,ул. Карла Маркса,д. 48,796624
Сосновый Бор,ул. Шолохова,д. 15,404089
Балтийск,ул. Комарова,д. 04,586042
Шатки,ул. Флотская,д. 80,932643
Кош-Агач,ул. Просвещения,д. 36,536124
Данков,ул. Светлая,д. 00,399533
Тихвин,ул. Волочаевская,д. 91,753635
Дзержинск,ул. Павлова,д. 84,534282
Гатчина,ул. Рылеева,д. 40,304548
Черский,ул. Маяковского,д. 53,027594
Шатой,ул. Урицкого,д. 11,993720
Москва,ул. Пограничная,д. 76,817817
Забайкальск,ул. Проезжая,д. 66,153901
Торжок,ул. 8-е Марта,д. 60,513997
Горячий Ключ,ул. Рабочая,д. 10,603069
Прохладный,ул. Дзержинского,д. 84,792952
Чита,ул. Крайняя,д. 77,423800
Кырен,ул. Кубанская,д. 86,343068
Белоярский,ул. Кавказская,д. 42,402782
Дербент,ул. Клары Цеткин,д. 33,869294
Можга,ул. Каштановая,д. 59,944880
Пенза,ул. Нахимова,д. 43,556874
Усмань,ул. Л.Толстого,д. 18,376267
Салехард,ул. Окружная,д. 37,625749
Сургут (Хант.),ул. О.Кошевого,д. 86,441029
Магас,ул. Сахалинская,д. 61,520204
Сарапул,ул. Подгорная,д. 64,934438
Псебай,ул. Киевская,д. 02,718692
Ханты-Мансийск,ул. Коммунистическая,д. 21,388419
Печора,ул. Вишневая,д. 35,936302
Тымовское,ул. Локомотивная,д. 54,113449
Лысьва,ул. Невского,д. 70,951447
Обнинск,ул. Есенина,д. 56,616006
Кырен,ул. Производственная,д. 91,595480
Карабулак,ул. Крупской,д. 53,760207
Павловский Посад,ул. Красногвардейская,д. 64,063904
Пинега,ул. Заовражная,д. 98,599426
Бугуруслан,ул. Спортивная,д. 64,841694
Кущевская,ул. Громова,д. 80,055028
Мончегорск,ул. Металлургов,д. 08,950162
Беломорск,ул. Механизаторов,д. 93,298789
Губаха,ул. Целинная,д. 67,778365
Колпашево,ул. Никитина,д. 87,511276
Касимов,ул. Таежная,д. 52,994520
Соль-Илецк,ул. Надежды,д. 81,477191
Ачинск,ул. Жукова,д. 37,309513
Шахты,ул. Проезжая,д. 07,481731
Выборг,ул. Рабочая,д. 10,603069
Сибай,ул. Курская,д. 29,718177
Ясный (Оренб.),ул. Санаторная,д. 27,574511
Мыс Шмидта,ул. Шевченко,д. 10,969215
Самара,ул. Леонова,д. 35,476459
Северодвинск,ул. Западная,д. 58,396493
Киров (Вятка),ул. Братская,д. 36,341973
Шатура,ул. Розы Люксембург,д. 41,368639
Фатеж,ул. Щорса,д. 71,496040
Стерлитамак,ул. Химиков,д. 51,248437
Вязьма,ул. Стадионная,д. 81,778141
Нефтеюганск,ул. Песочная,д. 49,075796
Баксан,ул. Песочная,д. 76,332400
Новый Оскол,ул. Павлова,д. 25,766070
Воткинск,ул. Элеваторная,д. 67,723340
Урюпинск,ул. Высокая,д. 97,156201
Павловская,ул. Льва Толстого,д. 43,923871
Курганинск,ул. Петровская,д. 39,708283
Калач,ул. Березовая,д. 33,050892
Клин,ул. Кирпичная,д. 92,038792
Плес,ул. Достоевского,д. 44,928793
Ноябрьск,ул. Волгоградская,д. 66,758156
Амдерма,ул. Дорожная,д. 97,556025
Бийск,ул. 8 Марта,д. 39,876272
Усть-Ордынский,ул. Димитрова,д. 91,195973
Томари,ул. Песочная,д. 76,332400
Оренбург,ул. Рабочая,д. 66,748190
Саранск,ул. Курортная,д. 28,940824
Хатанга,ул. Кузнечная,д. 94,197322
Уварово,ул. Плеханова,д. 96,925524
Цимлянск,ул. Интернациональная,д. 50,880320
Улан-Удэ,ул. Мусы Джалиля,д. 22,888275
Шилка,ул. Красноармейская,д. 89,036942
Бугуруслан,ул. Речная,д. 08,332889
Завьялиха,ул. Чкалова,д. 74,532058
Калачинск,ул. Высокая,д. 97,156201
Дубна,ул. Малиновая,д. 81,212943
Сибай,ул. Просторная,д. 87,387403
Усть-Кут,ул. Кузнецова,д. 57,294044
Темрюк,ул. 8-е Марта,д. 60,513997
Ростов,ул. Комсомольская,д. 81,679164
Осташков,ул. Радищева,д. 06,531269
Снежинск,ул. Больничная,д. 47,364555
Ахтубинск,ул. Клары Цеткин,д. 19,936616
Дербент,ул. Краснодарская,д. 35,737840
Краснокамск,ул. Базарная,д. 42,134044
Макушино,ул. Тельмана,д. 99,111502
Горячинск,ул. Шевченко,д. 56,335668
Шатой,ул. Черемуховая,д. 57,943382
Сузун,ул. Сурикова,д. 50,997604
Тимашевск,ул. Беляева,д. 06,783768
Сибай,ул. Павлика Морозова,д. 40,713595
Рыльск,ул. Красноармейская,д. 65,614043
Джубга,ул. Портовая,д. 13,404811
Горячинск,ул. Красногвардейская,д. 48,095124
Серафимович,ул. Никитина,д. 47,279159
Североуральск,ул. Короленко,д. 04,400112
Руза,ул. Горная,д. 16,665326
Новый Оскол,ул. Правды,д. 75,225258
Ведено,ул. Тупиковая,д. 53,246732
Елец,ул. Азина,д. 61,084385
Сарапул,ул. Ореховая,д. 50,376762
Токсово,ул. Геологов,д. 45,948970
Малоярославец,ул. Плеханова,д. 67,605545
Листвянка (Иркут.),ул. Гагарина,д. 52,770570
Энгельс,ул. Новостройка,д. 48,368358
Агинское (Забайк.),ул. Коммуны,д. 90,852717
Луга,ул. Энергетическая,д. 07,351377
Камышлов,ул. Седова,д. 51,274269
Пинега,ул. Клары Цеткин,д. 00,087397
Энгельс,ул. Инженерная,д. 28,873747
Сургут (Хант.),ул. Лунная,д. 15,977406
Мыс Шмидта,ул. Курчатова,д. 94,093070
Борзя,ул. Тамбовская,д. 34,371169
Бологое,ул. Папанина,д. 71,478572
Лысьва,ул. Малиновая,д. 19,210244
Тюмень,ул. Глинки,д. 48,760511
Магас,ул. Красногвардейская,д. 64,063904
Муром,ул. Волочаевская,д. 69,760790
Малоярославец,ул. Октябрьская,д. 05,571898
Тайшет,ул. Черемушки,д. 05,161674
Нижневартовск,ул. Короленко,д. 12,248336
Североуральск,ул. Краснопартизанская,д. 58,978124
Саров (Морд.),ул. Котовского,д. 91,805062
Сызрань,ул. Первомайская,д. 64,253242
Уфа,ул. Металлургов,д. 43,099369
Жуковский,ул. Гагарина,д. 52,770570
Барнаул,ул. Степная,д. 47,917485
Кострома,ул. Краснопартизанская,д. 39,991366
Долинск,ул. Балтийская,д. 65,607000
Юрюзань,ул. Азина,д. 23,813338
Тамбов,ул. Ивановская,д. 83,351168
Эльбрус,ул. Волгоградская,д. 13,871990
Тутаев,ул. Средняя,д. 31,123403
Сальск,ул. Тамбовская,д. 52,782354
Карабудахкент,ул. Гоголя,д. 00,851405
Грозный,ул. Социалистическая,д. 25,692247
Билибино,ул. Молодежная,д. 57,297634
Ревда (Сверд.),ул. Главная,д. 13,080539
Выборг,ул. Белорусская,д. 76,803734
Усть-Илимск,ул. Шоссейная,д. 24,650059
Жигулевск,ул. Учительская,д. 73,766404
Канск,ул. Ангарская,д. 58,188484
Шамары,ул. Ставропольская,д. 27,501555
Красная Поляна,ул. Кленовая,д. 24,967696
Ялуторовск,ул. Ветеранов,д. 69,457660
Можга,ул. Глинки,д. 55,336839
Майкоп,ул. Шевченко,д. 27,785869
Североморск,ул. Иркутская,д. 90,824659
Тулун,ул. Заречная,д. 53,777267
Ульяновск,ул. Энтузиастов,д. 63,083196
Мончегорск,ул. Амурская,д. 15,464649
Арзамас,ул. Коммунистическая,д. 21,388419
Сасово,ул. Жуковского,д. 40,585490
Тулун,ул. Леонова,д. 79,015815
Калевала,ул. Высоковольтная,д. 51,494014
Ноябрьск,ул. Физкультурная,д. 82,670244
Владивосток,ул. Целинная,д. 42,113972
Южно-Сахалинск,ул. Высоцкого,д. 14,036841
Семлячики,ул. Фрунзе,д. 20,785526
Сибай,ул. Степана Разина,д. 32,723314
Невьянск,ул. Владимирская,д. 68,137441
Соловки,ул. Черемуховая,д. 34,688475
Щельяюр,ул. Московская,д. 06,698288
Клин,ул. Крайняя,д. 72,978461
Северодвинск,ул. Раздольная,д. 90,733567
Мончегорск,ул. Выгонная,д. 68,334130
Кежма,ул. Льва Толстого,д. 30,224082
Мыс Шмидта,ул. Курская,д. 08,603818
Батайск,ул. Аэродромная,д. 11,672492
Сосновый Бор,ул. Ломоносова,д. 40,796373
Казань,ул. Детская,д. 25,802654
Яхрома,ул. Красных Партизан,д. 79,952809
Бугуруслан,ул. Осипенко,д. 11,475288
Новокузнецк,ул. Кирпичная,д. 96,338328
Сеймчан,ул. Ростовская,д. 70,409015
Клин,ул. Саратовская,д. 36,790425
Тулпан,ул. Омская,д. 79,388471
Шатки,ул. Окружная,д. 94,639336
Норильск,ул. Черняховского,д. 01,449436
Кингисепп,ул. Вокзальная,д. 31,378125
Усть-Джегута,ул. Просвещения,д. 36,536124
Мытищи,ул. Хвойная,д. 59,985511
Волоколамск,ул. Омская,д. 14,686634
Малоярославец,ул. Энтузиастов,д. 52,969177
Шенкурск,ул. Степная,д. 47,917485
Арзамас,ул. Фурманова,д. 93,198514
Соболево,ул. Проточная,д. 42,834082
Онега,ул. Луговая,д. 58,062635
Тавда,ул. Кавказская,д. 49,394387
Звенигород,ул. Жданова,д. 08,825799
Джубга,ул. Чехова,д. 42,466505
Нижнекамск,ул. Шишкина,д. 45,353630
Бугульма,ул. 9 Мая,д. 84,104064
Усть-Илимск,ул. Пожарского,д. 95,492651
Макаров,ул. Надежды,д. 62,551386
Галич,ул. Смоленская,д. 61,526502
Иваново,ул. Шмидта,д. 11,293362
Ростов-на-Дону,ул. Л.Толстого,д. 31,838751
Новомичуринск,ул. Чернышевского,д. 45,983882
Серебряные Пруды,ул. Парижской Коммуны,д. 53,284576
Тура,ул. Хвойная,д. 59,985511
Астрахань,ул. Проезжая,д. 07,481731
Верхний Баскунчак,ул. Локомотивная,д. 38,665723
Североморск,ул. Аэродромная,д. 94,544561
Кяхта,ул. Степная,д. 69,782388
Сургут (Хант.),ул. Бажова,д. 92,556825
Североморск,ул. Ольховая,д. 63,598599
Челюскин,ул. Кавказская,д. 49,394387
Благовещенск (Амур.),ул. Димитрова,д. 43,799598
Тайшет,ул. Геологов,д. 32,191884
Кош-Агач,ул. Интернациональная,д. 91,636885
Соловки,ул. Рыбацкая,д. 25,605988
Инта,ул. Шолохова,д. 15,404089
Междуреченский,ул. Щетинкина,д. 31,727288
Мончегорск,ул. Леваневского,д. 17,896070
Лабытнанги,ул. Бульварная,д. 64,376575
Астрахань,ул. Майская,д. 04,747836
Пушкинские Горы,ул. Нахимова,д. 23,601478
Чокурдах,ул. Мирная,д. 06,193615
Бреды,ул. Болотная,д. 68,378672
Тура,ул. 9 Мая,д. 84,104064
Курильск,ул. Магистральная,д. 42,927872
Киржач,ул. Почтовая,д. 76,931609
Асбест,ул. Папанина,д. 07,378969
Троицк (Моск.),ул. Фрунзе,д. 20,785526
Партизанск,ул. Механизаторов,д. 93,298789
Касимов,ул. Таежная,д. 52,994520
Вытегра,ул. Гоголя,д. 96,201507
Темрюк,ул. Колхозная,д. 46,446435
Саратов,ул. Путейская,д. 37,035974
Тымовское,ул. Краснодарская,д. 65,171553
Североуральск,ул. Новоселов,д. 02,881330
Усть-Камчатск,ул. Хвойная,д. 26,586164
Норильск,ул. Блюхера,д. 92,953435
Октябрьское (Челяб.),ул. Леонова,д. 35,476459
Снежногорск (Мурм.),ул. Угольная,д. 06,794535
Ербогачен,ул. Бригадная,д. 66,343176
Стрежевой,ул. Новостройка,д. 48,368358
Новокузнецк,ул. Тепличная,д. 43,956741
Каспийск,ул. Красногвардейская,д. 61,083406
Кизилюрт,ул. Курчатова,д. 35,029281
Макушино,ул. Гайдара,д. 57,863540
Клин,ул. Краснопартизанская,д. 14,767783
Джубга,ул. Леонова,д. 35,476459
Лазаревское,ул. Вавилова,д. 59,986936
Богучар,ул. Весенняя,д. 08,479086
Объячево,ул. Краснофлотская,д. 14,874384
Усть-Кулом,ул. 60 лет СССР,д. 50,497771
Новосибирск,ул. Курская,д. 39,347800
Малгобек,ул. Щорса,д. 68,003145
Тотьма,ул. Харьковская,д. 52,021556
Сочи,ул. Павлова,д. 25,766070
Пинега,ул. Калинина,д. 60,428062
Соль-Илецк,ул. Шмидта,д. 11,293362
Дно,ул. Детская,д. 47,663900
Краснокамск,ул. Гафури,д. 99,522368
Санкт-Петербург,ул. Пархоменко,д. 56,475160
Кунгур,ул. Промышленная,д. 50,002672
Тула,ул. Энтузиастов,д. 73,467823
Горячинск,ул. Главная,д. 38,160368
Псков,ул. Высокая,д. 39,629434
Партизанск,ул. Саратовская,д. 36,790425
Новомичуринск,ул. Черняховского,д. 01,449436
Дагомыс,ул. Нахимова,д. 90,163923
Обоянь,ул. Коллективная,д. 83,909438
Нижнеудинск,ул. Бригадная,д. 66,343176
Пенза,ул. Молодежная,д. 57,297634
Сунтар,ул. Плеханова,д. 96,925524
Кирово-Чепецк,ул. Сахалинская,д. 03,352127
Гусь-Хрустальный,ул. Литейная,д. 30,941432
Невинномысск,ул. Осипенко,д. 11,475288
Уварово,ул. Виноградная,д. 47,042891
Белокуриха,ул. Просвещения,д. 59,633287
Мценск,ул. Песчаная,д. 80,399592
Орск,ул. Учительская,д. 13,505634
Нижневартовск,ул. Путевая,д. 89,261567
Зарайск,ул. 9 Мая,д. 84,104064
Середниково,ул. Литейная,д. 90,510420
Моршанск,ул. Войкова,д. 29,249883
Кяхта,ул. Февральская,д. 07,940347
Выборг,ул. Кленовая,д. 64,205194
Гремячинск (Бурят.),ул. Автомобилистов,д. 15,982706
Тикси,ул. Мирная,д. 06,193615
Усмань,ул. Краснофлотская,д. 14,874384
Оренбург,ул. Песочная,д. 49,075796
Внуково (метеост.),ул. 50 лет ВЛКСМ,д. 39,599826
Териберка,ул. Таежная,д. 52,994520
Великий Устюг,ул. Северная,д. 04,949871
Ведено,ул. Дорожников,д. 27,729535
Балашов,ул. Калинина,д. 60,428062
Кудымкар,ул. ДОС,д. 48,260708
Мокшан,ул. Заводская,д. 16,805431
Игнашино,ул. Чкалова,д. 30,515679
Серов,ул. Санаторная,д. 27,574511
Березники,ул. Подлесная,д. 55,815374
Макаров,ул. Огородная,д. 62,253136
Елец,ул. Кузнецкая,д. 61,570372
Пермь,ул. Димитрова,д. 91,195973
Лянтор,ул. Войкова,д. 77,001517
Домодедово,ул. Заовражная,д. 86,540196
Псебай,ул. Куйбышева,д. 10,910653
Норильск,ул. Рязанская,д. 70,508541
Нерчинск,ул. Базарная,д. 53,019471
Уренгой,ул. Чайковского,д. 54,451449
Чита,ул. Крылова,д. 78,421081
Ревда (Сверд.),ул. Главная,д. 13,080539
Баксан,ул. Высотная,д. 41,598782
Ямбург,ул. Почтовая,д. 54,128522
Кинешма,ул. Весенняя,д. 08,479086
Уфа,ул. Панфилова,д. 06,962593
Кажим,ул. Красноармейская,д. 89,036942
Южноуральск,ул. Трудовая,д. 22,914759
Кашхатау,ул. Донская,д. 21,716470
Дагомыс,ул. Зеленая,д. 42,787220
Ивдель,ул. Октябрьская,д. 05,571898
Мирный,ул. Пограничная,д. 57,381683
Балашов,ул. Бабушкина,д. 35,372879
Нальчик,ул. Заречная,д. 82,056694
Ишим,ул. Московская,д. 06,698288
Буденновск,ул. Плеханова,д. 96,925524
Кедровый,ул. Энергетическая,д. 07,351377
Губкинский,ул. Крайняя,д. 72,978461
Юрюзань,ул. Папанина,д. 65,678235
Ивдель,ул. Кольцевая,д. 03,033979
Сергиев Посад,ул. Ангарская,д. 58,188484
Каменск-Уральский,ул. Виноградная,д. 60,068454
Южноуральск,ул. Попова,д. 96,626196
Ногинск (Моск.),ул. Портовая,д. 13,404811
Домбай,ул. Металлургов,д. 17,707094
Кировск (Мурм.),ул. Тельмана,д. 87,171278
Набережные Челны,ул. Ветеранов,д. 73,470990
Рыльск,ул. Космическая,д. 75,414114
Балашиха,ул. Производственная,д. 91,595480
Кущевская,ул. Пирогова,д. 40,438450
Ангарск,ул. Рабочая,д. 10,603069
Салехард,ул. Тамбовская,д. 52,782354
Елатьма,ул. Зеленая,д. 42,787220
Чулым,ул. 9 Мая,д. 34,456904
Нижневартовск,ул. Азовская,д. 61,506028
Майкоп,ул. Прохладная,д. 28,232898
Анапа,ул. Красноармейская,д. 89,036942
Рославль,ул. Главная,д. 38,160368
Бийск,ул. Высокая,д. 39,629434
Калач,ул. Семашко,д. 11,548752
Советский,ул. Первомайская,д. 91,337549
Тамбов,ул. Олимпийская,д. 92,290069
Киров (Вятка),ул. Заречная,д. 59,489111
Александровск,ул. Хвойная,д. 59,852107
Соликамск,ул. Блюхера,д. 92,953435
Мончегорск,ул. Астраханская,д. 79,719666
Тайшет,ул. Невского,д. 83,846755
Каргасок,ул. Красноярская,д. 15,335697
Тверь,ул. Щорса,д. 71,496040
Баксан,ул. Отрадная,д. 35,749407
Волгодонск,ул. З.Космодемьянской,д. 99,797662
Смирных,ул. Автомобилистов,д. 30,896171
Александровск-Сахалинский,ул. Шмидта,д. 11,293362
Забайкальск,ул. Семашко,д. 58,060293
Калуга,ул. Тополиная,д. 83,270822
Уэлен,ул. Заовражная,д. 86,540196
Мостовской,ул. Фрунзе,д. 13,190320
Джейрах,ул. Краснофлотская,д. 62,795085
Кудымкар,ул. Курчатова,д. 35,029281
Темрюк,ул. Фрунзе,д. 13,190320
Калачинск,ул. Урожайная,д. 88,224387
Ишим,ул. Песчаная,д. 80,399592
Октябрьское (Челяб.),ул. Портовая,д. 13,404811
Красноярск,ул. Октября,д. 06,062732
Адлер,ул. Рабочая,д. 66,748190
Истра,ул. Чкалова,д. 55,064217
Шатки,ул. Депутатская,д. 23,879177
Северодвинск,ул. Малиновая,д. 81,212943
Новгород Великий,ул. Большая,д. 93,858612
Карабудахкент,ул. Невского,д. 35,780328
Петрозаводск,ул. Бабушкина,д. 35,372879
Торжок,ул. Кольцевая,д. 03,033979
Мичуринск,ул. Студенческая,д. 73,473271
Петушки,ул. Мая 1,д. 78,202931
Самара,ул. Орловская,д. 86,725715
Валдай,ул. Волочаевская,д. 31,699084
Куртамыш,ул. Вокзальная,д. 89,652746
Осташков,ул. 50 лет Победы,д. 14,464840
Серов,ул. Рязанская,д. 43,026617
Зеленоград,ул. Гагарина,д. 40,964215
Шуя,ул. Пограничная,д. 81,788577
Мокшан,ул. Казачья,д. 84,854714
Тамбов,ул. Крылова,д. 17,728124
Териберка,ул. Льва Толстого,д. 52,925492
Стрежевой,ул. Советской Армии,д. 06,364647
Карачаевск,ул. Заозерная,д. 94,840993
Холмогоры,ул. Береговая,д. 46,402340
Черский,ул. Казачья,д. 84,854714
Энгельс,ул. Трактовая,д. 05,435901
Славянск-на-Кубани,ул. Безымянная,д. 72,582597
Фатеж,ул. Таежная,д. 50,052197
Рыльск,ул. Песочная,д. 49,075796
Усть-Камчатск,ул. Больничная,д. 47,364555
Зарайск,ул. Светлая,д. 00,399533
Усть-Ордынский,ул. Вишневая,д. 03,288886
Галич,ул. 50 лет ВЛКСМ,д. 77,173079
Карталы,ул. Республиканская,д. 70,657243
Радужный,ул. Седова,д. 51,274269
Усть-Джегута,ул. Зеленая,д. 93,016326
Минеральные Воды,ул. Папанина,д. 71,478572
Нефедова,ул. Портовая,д. 13,404811
Магас,ул. ДОС,д. 48,260708
Кяхта,ул. Бригадная,д. 13,314569
Ребриха,ул. Кузнецкая,д. 61,570372
Нягань,ул. Черемушки,д. 05,161674
Тура,ул. Геологов,д. 74,762879
Воскресенск,ул. Харьковская,д. 52,021556
Клин,ул. Черемушки,д. 14,731586
Нарьян-Мар,ул. Угольная,д. 69,060777
Красноярск,ул. Хуторская,д. 73,943333
Кыштым,ул. Шахтерская,д. 57,632096
Бавлы,ул. Розы Люксембург,д. 94,410439
Ноябрьск,ул. Гагарина,д. 50,305297
Джубга,ул. Шишкина,д. 45,353630
Дагомыс,ул. Школьная,д. 28,574333
Шелехов,ул. Громова,д. 93,831236
Богучар,ул. Маркса Карла,д. 11,799944
Нарткала,ул. Кавказская,д. 87,475228
Богучар,ул. Красноармейская,д. 65,614043
Луга,ул. Мая 1,д. 78,202931
Нефтегорск (Самар.),ул. Вавилова,д. 91,461523
Владикавказ,ул. Братская,д. 36,341973
Сальск,ул. Тамбовская,д. 52,782354
Руза,ул. Льва Толстого,д. 52,925492
Объячево,ул. Спартака,д. 25,788130
Лысьва,ул. Есенина,д. 16,494236
Звенигород,ул. Московская,д. 10,519806
Боровск,ул. Молодежная,д. 58,685338
Сыктывкар,ул. Фадеева,д. 56,248190
Одинцово,ул. Р.Люксембург,д. 24,225721
Соль-Илецк,ул. Черемушки,д. 05,161674
Тура,ул. Воронежская,д. 51,188783
Каргополь,ул. Суворова,д. 75,179472
Усть-Кут,ул. Черноморская,д. 26,642515
Анапа,ул. Глинки,д. 97,285142
Чулым,ул. Красногвардейская,д. 50,896565
Фатеж,ул. Никитина,д. 87,511276
Завьялиха,ул. Иркутская,д. 90,824659
Мезень,ул. Амурская,д. 15,464649
Макушино,ул. Леваневского,д. 17,896070
Минеральные Воды,ул. Гагарина,д. 08,238084
Братск,ул. Орловская,д. 37,443009
Тымовское,ул. Смоленская,д. 10,919575
Амурск,ул. Фурманова,д. 35,514591
Сызрань,ул. Чкалова,д. 74,532058
Шереметьево,ул. Базарная,д. 42,134044
Дубна,ул. Техническая,д. 13,739861
Кизилюрт,ул. Чайковского,д. 31,474895
Шенкурск,ул. Новоселов,д. 49,046034
Кинешма,ул. Советской Армии,д. 77,475127
Кущевская,ул. Рязанская,д. 70,508541
Нерчинск,ул. Центральная,д. 50,076472
Цимлянск,ул. Льва Толстого,д. 52,925492
Зеленоград,ул. Северная,д. 04,949871
Великий Устюг,ул. Микрорайон,д. 32,694984
Магас,ул. Литейная,д. 90,510420
Санкт-Петербург,ул. Клары Цеткин,д. 33,869294
Касимов,ул. Правды,д. 75,225258
Павловский Посад,ул. Попова,д. 96,626196
Анапа,ул. Курская,д. 08,603818
Яшалта,ул. Томская,д. 77,118784
Белогорск (Амур.),ул. Микрорайон,д. 85,557999
Андреаполь,ул. Братская,д. 34,478399
Листвянка (Иркут.),ул. Победы,д. 64,243382
Жиганск,ул. Пархоменко,д. 21,511100
Печенга,ул. Рыбацкая,д. 25,605988
Луга,ул. Красногвардейская,д. 48,095124
Мелеуз,ул. Орловская,д. 86,725715
Яшалта,ул. Чапаева,д. 12,236673
Бодайбо,ул. Республиканская,д. 59,450684
Джейрах,ул. 30 лет Победы,д. 97,679639
Усть-Камчатск,ул. Рабочая,д. 33,201979
Иркутск,ул. Главная,д. 38,160368
Брянск,ул. Тепличная,д. 46,417605
Елатьма,ул. Надежды,д. 62,551386
Тутончаны,ул. Щорса,д. 52,116300
Оймякон,ул. Есенина,д. 16,494236
Баксан,ул. Щербакова,д. 35,910846
Энгельс,ул. Производственная,д. 68,108232
Шарья,ул. Карла Либкнехта,д. 92,978469
Советский,ул. Элеваторная,д. 06,080306
Мезень,ул. Заовражная,д. 86,540196
Шуя,ул. Высотная,д. 41,598782
Верхоянск,ул. Тульская,д. 36,280173
Салехард,ул. Сосновая,д. 86,233493
Невьянск,ул. Волгоградская,д. 66,758156
Кропоткин (Краснод.),ул. Глинки,д. 97,285142
Псков,ул. Заовражная,д. 98,599426
Сосьва (Хант.),ул. Ставропольская,д. 01,754654
Хужир,ул. Стадионная,д. 81,778141
Лазаревское,ул. Седова,д. 44,297886
Елатьма,ул. Амурская,д. 15,464649
Красноуральск,ул. Интернациональная,д. 52,602364
Оленек,ул. Выгонная,д. 68,334130
Шумиха,ул. Учительская,д. 61,147413
Красноселькуп,ул. Ставропольская,д. 01,754654
Палана,ул. Красногвардейская,д. 50,896565
Сарапул,ул. Путевая,д. 89,261567
Тотьма,ул. Громова,д. 93,831236
Щелково,ул. Рябиновая,д. 83,976980
Наро-Фоминск,ул. Фурманова,д. 93,198514
Тверь,ул. Автомобилистов,д. 15,982706
Дагомыс,ул. Ульяновская,д. 11,199367
Долинск,ул. Щетинкина,д. 31,727288
Камень-на-Оби,ул. Смоленская,д. 61,526502
Орск,ул. Серафимовича,д. 97,715855
Черусти,ул. Студенческая,д. 73,473271
Советский,ул. Тамбовская,д. 34,371169
Старая Русса,ул. Учительская,д. 19,383189
Голицыно,ул. Красноармейская,д. 51,039563
Шелагонцы,ул. Станционная,д. 80,106495
Вендинга,ул. Магистральная,д. 30,106128
Минусинск,ул. Коммунистическая,д. 20,372501
Пенза,ул. Братская,д. 18,969795
Можга,ул. Шевченко,д. 10,969215
Ессентуки,ул. Высотная,д. 11,702880
Амурск,ул. Курганная,д. 38,642802
Абинск,ул. Герцена,д. 18,666913
Красноуральск,ул. Учительская,д. 61,147413
Киренск,ул. Пожарского,д. 05,774190
Темрюк,ул. Ватутина,д. 05,950333
Волоколамск,ул. Папанина,д. 71,478572
Владикавказ,ул. Октября,д. 32,374752
Алагир,ул. Красноармейская,д. 65,614043
Красновишерск,ул. Крылова,д. 29,529447
Александровск-Сахалинский,ул. Гражданская,д. 90,820476
Тикси,ул. 50 лет ВЛКСМ,д. 77,173079
Чикола,ул. Ольховая,д. 69,786738
Новороссийка,ул. Донская,д. 55,805483
Кандалакша,ул. Первомайская,д. 64,253242
Шереметьево,ул. Культуры,д. 56,683121
Объячево,ул. Маяковского,д. 53,027594
Снежногорск (Мурм.),ул. Леваневского,д. 99,278677
Архыз,ул. Камская,д. 36,526193
Набережные Челны,ул. Автомобилистов,д. 12,965888
Жуковский,ул. Раздольная,д. 90,733567
Кяхта,ул. Волочаевская,д. 70,290959
Камышлов,ул. Промышленная,д. 50,002672
Амдерма,ул. Розы Люксембург,д. 94,410439
Черкесск,ул. Совхозная,д. 49,404022
Выборг,ул. Комарова,д. 66,822139
